insert into Faculties values('001', N'Khoa vô tuyến điện tử', '069.515.384', 'info@fre.mta.edu.vn')
go

insert into Faculties values('002', N'Công nghệ thông tin', '069515329, 069515333', 'fit@mta.edu.vn')
go

insert into EducationFields values('010', N'Xung số - Vi xử lý', '001', 'XS - VXL')
go

insert into Degrees values('03', N'Kỹ sư', 'KS')
go

insert into Academics values('01', N'Trợ giảng', N'Trợ giảng')
go

insert into Academics values('02', N'Giảng viên' , N'Giảng viên')
go

insert into Positions values('07', N'Trưởng phòng thí nghiệm', 'TPTN')
go

insert into Staffs(Code, Name, PositionCode, AcademicCode, DegreeCode, Email, ImageStaff,
 EducationFieldCode, PhoneNumber, ResearchInterests)
values('999', N'Nguyễn Hải Dương', '02', '02', '01', N'haiduongnguyen(a)mta.edu.vn',
'~/imageStaff/Bm-Nguyen_Hai_Duong.jpg', '010', 'Khong co', N'Hệ thống nhúng, Kỹ thuật vi xử lý')
go

insert into Staffs(Code, Name, PositionCode, AcademicCode, DegreeCode, Email, ImageStaff,
 EducationFieldCode, PhoneNumber, ResearchInterests)
values('1000', N'Hoàng Văn Phúc', '04', '02', '01', N'haiduongnguyen(a)mta.edu.vn',
'~/imageStaff/Bm-Hoang_Van_Phuc.jpg', '010', 'Khong co', N'TK vi mạch, Thiết kế HT số, HT nhúng, IoT, DSP, DSR')
go

insert into Staffs(Code, Name, PositionCode, AcademicCode, DegreeCode, Email, ImageStaff,
 EducationFieldCode, PhoneNumber, ResearchInterests)
values('1001', N'Dương Quang Mạnh', '07', '02', '01', N'haiduongnguyen(a)mta.edu.vn',
'~/imageStaff/Bm-Duong_Quang_Manh.JPG', '010', 'Khong co', N'Vi điện tử, Thiết kế hệ thống số')
go

insert into Staffs(Code, Name, PositionCode, AcademicCode, DegreeCode, Email, ImageStaff,
 EducationFieldCode, PhoneNumber, ResearchInterests)
values('1002', N'Phạm Tuấn Giáo', '05', '02', '01', N'haiduongnguyen(a)mta.edu.vn',
'~/imageStaff/Bm-Pham_Tuan_Giao.jpg', '010', 'Khong co', N'Xử lý số tín hiệu, Xử lý tín hiệu mạng anten')
go

insert into Staffs(Code, Name, PositionCode, AcademicCode, DegreeCode, Email, ImageStaff,
 EducationFieldCode, PhoneNumber, ResearchInterests)
values('1003', N'Nguyễn Hoài Anh', '05', '02', '01', N'haiduongnguyen(a)mta.edu.vn',
'~/imageStaff/KhongCoAnh.png', '010', 'Khong co', N'Vi điện tử, Hệ thống thông tin')
go

insert into Staffs(Code, Name, PositionCode, AcademicCode, DegreeCode, Email, ImageStaff,
 EducationFieldCode, PhoneNumber, ResearchInterests)
values('1004', N'Nguyễn Đình Tuấn', '05', '02', '01', N'haiduongnguyen(a)mta.edu.vn',
'~/imageStaff/Bm-Nguyen_Dinh_Tuan.jpg', '010', 'Khong co', N'Thiết kế hệ thống số')
go

insert into Staffs(Code, Name, PositionCode, AcademicCode, DegreeCode, Email, ImageStaff,
 EducationFieldCode, PhoneNumber, ResearchInterests)
values('1005', N'Đào Văn Lân', '05', '02', '01', N'haiduongnguyen(a)mta.edu.vn',
'~/imageStaff/Bm-Dao_Van_Lan.JPG', '010', 'Khong co', N'Thiết kế HT số, Hệ thống nhúng, IoT, Xử lý tiếng nói')
go

insert into Staffs(Code, Name, PositionCode, AcademicCode, DegreeCode, Email, ImageStaff,
 EducationFieldCode, PhoneNumber, ResearchInterests)
values('1006', N'Nguyễn Văn Tình', '05', '01', '03', N'haiduongnguyen(a)mta.edu.vn',
'~/imageStaff/Bm-Nguyen_Van_Tinh.png', '010', 'Khong co', N'Thiết kế hệ thống số')
go

insert into Staffs(Code, Name, PositionCode, AcademicCode, DegreeCode, Email, ImageStaff,
 EducationFieldCode, PhoneNumber, ResearchInterests)
values('1007', N'Nguyễn Khoa Sang', '02', '01', '02', N'haiduongnguyen(a)mta.edu.vn',
'~/imageStaff/Bm-Nguyen_Khoa_Sang.jpg', '010', 'Khong co', N'Lập trình hệ thống')
go

insert into Staffs(Code, Name, PositionCode, AcademicCode, DegreeCode, Email, ImageStaff,
 EducationFieldCode, PhoneNumber, ResearchInterests)
values('1008', N'Hoàng Thị Yến', '02', '01', '03', N'haiduongnguyen(a)mta.edu.vn',
'~/imageStaff/Bm-Hoang_Thi_Yen.jpg', '010', 'Khong co', N'Lập trình hệ thống')
go